Number of Elements (n)	 Time (sec)
34483	0.393867
97151	0.350721
2584565	0.351377
3606506	0.348634
11607937	0.262166
11178866	0.348106
82510483	0.348791
99645501	0.353473
