Number of Elements (n)	 Time (sec)
34483	0.166175
97151	0.146213
2584565	0.145379
3606506	0.145473
11607937	0.144582
11178866	0.145343
82510483	0.144336
99645501	0.144754
