Number of Elements (n)	 Time (sec)
34483	0.158393
97151	0.139076
2584565	0.1397
3606506	0.142631
11607937	0.140296
11178866	0.138544
82510483	0.144063
99645501	0.141936
