Number of Elements (n)	 Time (sec)
34483	0.321356
97151	0.280719
2584565	0.207523
3606506	0.281162
11607937	0.27935
11178866	0.281849
82510483	0.282352
99645501	0.278255
