Number of Elements (n)	 Time (sec)
34483	0.082604
97151	0.072903
2584565	0.072998
3606506	0.073592
11607937	0.07291
11178866	0.054478
82510483	0.072431
99645501	0.072304
