Number of Elements (n)	 Time (sec)
34483	0.240132
97151	0.209307
2584565	0.208798
3606506	0.211892
11607937	0.209972
11178866	0.15964
82510483	0.211881
99645501	0.208834
