Number of Elements (n)	 Time (sec)
34483	0.470559
97151	0.418534
2584565	0.310948
3606506	0.419641
11607937	0.421872
11178866	0.42152
82510483	0.401763
99645501	0.420229
