Number of Elements (n)	 Time (sec)
34483	0.025034
97151	0.022248
2584565	0.021812
3606506	0.021396
11607937	0.02075
11178866	0.022158
82510483	0.021411
99645501	0.021372
