Number of Elements (n)	 Time (sec)
34483	0.026837
97151	0.023551
2584565	0.022784
3606506	0.022188
11607937	0.021817
11178866	0.023387
82510483	0.021812
99645501	0.022031
