Number of Elements (n)	 Time (sec)
34483	0.253965
97151	0.217394
2584565	0.21655
3606506	0.21616
11607937	0.218098
11178866	0.164085
82510483	0.210827
99645501	0.217936
