Number of Elements (n)	 Time (sec)
34483	0.466085
97151	0.421715
2584565	0.307881
3606506	0.422359
11607937	0.416614
11178866	0.418807
82510483	0.398073
99645501	0.425181
