Number of Elements (n)	 Time (sec)
34483	0.33297
97151	0.288504
2584565	0.211977
3606506	0.290323
11607937	0.288464
11178866	0.288209
82510483	0.294189
99645501	0.298783
