Number of Elements (n)	 Time (sec)
34483	0.081281
97151	0.070531
2584565	0.069129
3606506	0.070217
11607937	0.077956
11178866	0.053206
82510483	0.070072
99645501	0.070453
