Number of Elements (n)	 Time (sec)
34483	0.402936
97151	0.361578
2584565	0.362332
3606506	0.363262
11607937	0.271358
11178866	0.366652
82510483	0.362612
99645501	0.362733
